condition,mean_final_R,std_final_R,n_seeds
healthy,0.01911796903980972,0.009625455146922016,30
perturbed,0.01713917158663588,0.009240196382332037,30
p_value_mannwhitney,0.37903631077393585,nan,nan
